{
  "Hybrid_CNN_LSTM_Transformer": {
    "model": "Hybrid_CNN_LSTM_Transformer",
    "overall": {
      "MAE": 0.02079438604414463,
      "RMSE": 0.02869592420756817,
      "MAPE": 657.396728515625,
      "R2": -0.10188281536102295,
      "DirectionalAccuracy": 0.5258835758835759,
      "DirAcc@20pctCoverage": 0.5618503118503119,
      "DirAcc@10pctCoverage": 0.606029106029106,
      "ClassifierDirectionalAccuracy": 0.5132016632016632
    },
    "per_horizon": {
      "mae": [
        0.008739669807255268,
        0.012927912175655365,
        0.0165847297757864,
        0.01892757974565029,
        0.020312976092100143,
        0.021919583901762962,
        0.024112049490213394,
        0.025967642664909363,
        0.027898216620087624,
        0.030553508549928665
      ],
      "rmse": [
        0.012492501176893711,
        0.017542896792292595,
        0.021953364834189415,
        0.025263026356697083,
        0.02710169181227684,
        0.029335487633943558,
        0.031906768679618835,
        0.034114573150873184,
        0.03630989044904709,
        0.03943662717938423
      ],
      "directional_accuracy": [
        0.5155925155925156,
        0.49064449064449067,
        0.4594594594594595,
        0.4916839916839917,
        0.5322245322245323,
        0.5706860706860707,
        0.5738045738045738,
        0.5550935550935551,
        0.5634095634095634,
        0.5062370062370062
      ],
      "classifier_directional_accuracy": [
        0.4812889812889813,
        0.4490644490644491,
        0.44594594594594594,
        0.5634095634095634,
        0.4178794178794179,
        0.5758835758835759,
        0.6018711018711018,
        0.5945945945945946,
        0.4074844074844075,
        0.5945945945945946
      ]
    },
    "regime_segmented": {
      "stable": {
        "n_samples": 673,
        "mae": 0.018329795449972153,
        "rmse": 0.02442178875207901,
        "directional_accuracy": 0.525408618127786,
        "classifier_directional_accuracy": 0.5167904903417534
      },
      "high_volatility": {
        "n_samples": 289,
        "mae": 0.02653372660279274,
        "rmse": 0.03677159920334816,
        "directional_accuracy": 0.5269896193771626,
        "classifier_directional_accuracy": 0.5048442906574394
      }
    },
    "event_window": {
      "n_event_origins": 81,
      "event_coverage": 0.0841995841995842,
      "DirAcc_event": 0.5160493827160494,
      "DirAcc_nonevent": 0.5267877412031782,
      "MAE_event": 0.021242579445242882
    },
    "calibrated_abstention": {
      "conf_quantile": 0.5,
      "tau": 0.004188672639429569,
      "val_selective_acc": 0.4806584362139918,
      "val_coverage": 0.5,
      "test_coverage": 0.6016632016632016,
      "test_selective_acc": 0.5409467864547339,
      "test_acc_unfiltered": 0.5258835758835759
    }
  },
  "Vanilla_LSTM": {
    "model": "Vanilla_LSTM",
    "overall": {
      "MAE": 0.021721575409173965,
      "RMSE": 0.030977196991443634,
      "MAPE": 809.263916015625,
      "R2": -0.2840418815612793,
      "DirectionalAccuracy": 0.5155925155925156,
      "DirAcc@20pctCoverage": 0.514033264033264,
      "DirAcc@10pctCoverage": 0.5343035343035343,
      "ClassifierDirectionalAccuracy": 0.5628898128898129
    },
    "per_horizon": {
      "mae": [
        0.00890257116407156,
        0.013230168260633945,
        0.015747740864753723,
        0.01867959275841713,
        0.022706417366862297,
        0.024297568947076797,
        0.026399465277791023,
        0.028134144842624664,
        0.029236484318971634,
        0.029881594702601433
      ],
      "rmse": [
        0.012702315114438534,
        0.018483400344848633,
        0.021361934021115303,
        0.0252861175686121,
        0.031626030802726746,
        0.033762503415346146,
        0.03571678698062897,
        0.03817274793982506,
        0.0395459309220314,
        0.039500899612903595
      ],
      "directional_accuracy": [
        0.4781704781704782,
        0.5187110187110187,
        0.5343035343035343,
        0.5218295218295218,
        0.4979209979209979,
        0.5311850311850311,
        0.5436590436590436,
        0.5187110187110187,
        0.5041580041580042,
        0.5072765072765073
      ],
      "classifier_directional_accuracy": [
        0.5519750519750519,
        0.4365904365904366,
        0.5353430353430353,
        0.5634095634095634,
        0.5821205821205822,
        0.5758835758835759,
        0.6018711018711018,
        0.5956340956340956,
        0.5914760914760915,
        0.5945945945945946
      ]
    },
    "regime_segmented": {
      "stable": {
        "n_samples": 673,
        "mae": 0.018511468544602394,
        "rmse": 0.02474406361579895,
        "directional_accuracy": 0.5268945022288262,
        "classifier_directional_accuracy": 0.5682020802377414
      },
      "high_volatility": {
        "n_samples": 289,
        "mae": 0.02919701114296913,
        "rmse": 0.042052261531353,
        "directional_accuracy": 0.4892733564013841,
        "classifier_directional_accuracy": 0.5505190311418685
      }
    },
    "event_window": {
      "n_event_origins": 81,
      "event_coverage": 0.0841995841995842,
      "DirAcc_event": 0.5333333333333333,
      "DirAcc_nonevent": 0.513961407491487,
      "MAE_event": 0.02431291900575161
    }
  },
  "Simplified_TFT": {
    "model": "Simplified_TFT",
    "overall": {
      "MAE": 0.020492296665906906,
      "RMSE": 0.028157329186797142,
      "MAPE": 916.3980712890625,
      "R2": -0.06090831756591797,
      "DirectionalAccuracy": 0.5691268191268192,
      "DirAcc@20pctCoverage": 0.5945945945945946,
      "DirAcc@10pctCoverage": 0.6143451143451143,
      "ClassifierDirectionalAccuracy": 0.5221413721413721
    },
    "per_horizon": {
      "mae": [
        0.00953473336994648,
        0.012395055964589119,
        0.015246310271322727,
        0.017980359494686127,
        0.02024194970726967,
        0.022262053564190865,
        0.024370603263378143,
        0.025935275480151176,
        0.028118545189499855,
        0.028838079422712326
      ],
      "rmse": [
        0.013295283541083336,
        0.017265213653445244,
        0.02073443867266178,
        0.02399273030459881,
        0.02678595669567585,
        0.02934882417321205,
        0.03202786296606064,
        0.03400101140141487,
        0.03626072779297829,
        0.03704586625099182
      ],
      "directional_accuracy": [
        0.5519750519750519,
        0.5498960498960499,
        0.5540540540540541,
        0.5654885654885655,
        0.5758835758835759,
        0.5613305613305614,
        0.5821205821205822,
        0.5893970893970893,
        0.5821205821205822,
        0.579002079002079
      ],
      "classifier_directional_accuracy": [
        0.446985446985447,
        0.5613305613305614,
        0.44594594594594594,
        0.43555093555093555,
        0.5821205821205822,
        0.42411642411642414,
        0.6018711018711018,
        0.5374220374220374,
        0.5914760914760915,
        0.5945945945945946
      ]
    },
    "regime_segmented": {
      "stable": {
        "n_samples": 673,
        "mae": 0.018331944942474365,
        "rmse": 0.023938361555337906,
        "directional_accuracy": 0.5774145616641901,
        "classifier_directional_accuracy": 0.5185735512630015
      },
      "high_volatility": {
        "n_samples": 289,
        "mae": 0.025523150339722633,
        "rmse": 0.036120135337114334,
        "directional_accuracy": 0.5498269896193771,
        "classifier_directional_accuracy": 0.5304498269896194
      }
    },
    "event_window": {
      "n_event_origins": 81,
      "event_coverage": 0.0841995841995842,
      "DirAcc_event": 0.6320987654320988,
      "DirAcc_nonevent": 0.5633371169125994,
      "MAE_event": 0.017637837678194046
    }
  },
  "ARIMA": {
    "model": "ARIMA",
    "overall": {
      "MAE": 0.017030423507094383,
      "RMSE": 0.02469632588326931,
      "MAPE": 101.9428939819336,