{
  "Hybrid_CNN_LSTM_Transformer": {
    "model": "Hybrid_CNN_LSTM_Transformer",
    "overall": {
      "MAE": 0.001265919767320156,
      "RMSE": 0.001648453064262867,
      "MAPE": 433.2513427734375,
      "R2": -0.04865133762359619,
      "DirectionalAccuracy": 0.5431654676258992,
      "ClassifierDirectionalAccuracy": 0.46618705035971225
    },
    "per_horizon": {
      "mae": [
        0.0006192508735693991,
        0.0010171442991122603,
        0.0009667833801358938,
        0.0010826702928170562,
        0.0011849809670820832,
        0.001268367050215602,
        0.0014309237012639642,
        0.0015945011982694268,
        0.0016890820115804672,
        0.0018054944230243564
      ],
      "rmse": [
        0.0007829083479009569,
        0.0016110178548842669,
        0.0012209878768771887,
        0.0013292133808135986,
        0.0014996735844761133,
        0.0016302039148285985,
        0.0017831139266490936,
        0.001961315982043743,
        0.0020333058200776577,
        0.002154264599084854
      ],
      "directional_accuracy": [
        0.4676258992805755,
        0.5107913669064749,
        0.5251798561151079,
        0.5755395683453237,
        0.5971223021582733,
        0.6474820143884892,
        0.6115107913669064,
        0.5179856115107914,
        0.49640287769784175,
        0.48201438848920863
      ],
      "classifier_directional_accuracy": [
        0.4892086330935252,
        0.48201438848920863,
        0.5035971223021583,
        0.5323741007194245,
        0.43884892086330934,
        0.4172661870503597,
        0.5755395683453237,
        0.39568345323741005,
        0.4316546762589928,
        0.39568345323741005
      ]
    },
    "regime_segmented": {
      "stable": {
        "n_samples": 97,
        "mae": 0.00125917699187994,
        "rmse": 0.0016782429302111268,
        "directional_accuracy": 0.5309278350515464,
        "classifier_directional_accuracy": 0.4505154639175258
      },
      "high_volatility": {
        "n_samples": 42,
        "mae": 0.0012814925285056233,
        "rmse": 0.0015775039792060852,
        "directional_accuracy": 0.5714285714285714,
        "classifier_directional_accuracy": 0.5023809523809524
      }
    }
  },
  "Vanilla_LSTM": {
    "model": "Vanilla_LSTM",
    "overall": {
      "MAE": 0.003792428644374013,
      "RMSE": 0.005002039019018412,
      "MAPE": 4382.92138671875,
      "R2": -8.655442237854004,
      "DirectionalAccuracy": 0.5122302158273381,
      "ClassifierDirectionalAccuracy": 0.4776978417266187
    },
    "per_horizon": {
      "mae": [
        0.0019326996989548206,
        0.002171209082007408,
        0.0018791278125718236,
        0.0030087120831012726,
        0.003254594746977091,
        0.004242041148245335,
        0.004603979177772999,
        0.005403442308306694,
        0.0062670535407960415,
        0.00516142463311553
      ],
      "rmse": [
        0.00229781330563128,
        0.002732635010033846,
        0.0022258434910327196,
        0.0037060100585222244,
        0.00398006197065115,
        0.005513561423867941,
        0.00565826753154397,
        0.006467741448432207,
        0.0076793464832007885,
        0.006301392335444689
      ],
      "directional_accuracy": [
        0.49640287769784175,
        0.5755395683453237,
        0.5107913669064749,
        0.49640287769784175,
        0.5179856115107914,
        0.5251798561151079,
        0.4676258992805755,
        0.5107913669064749,
        0.49640287769784175,
        0.5251798561151079
      ],
      "classifier_directional_accuracy": [
        0.4892086330935252,
        0.5107913669064749,
        0.4892086330935252,
        0.4676258992805755,
        0.43884892086330934,
        0.5827338129496403,
        0.5755395683453237,
        0.39568345323741005,
        0.4316546762589928,
        0.39568345323741005
      ]
    },
    "regime_segmented": {
      "stable": {
        "n_samples": 97,
        "mae": 0.004107627552002668,
        "rmse": 0.005402800627052784,
        "directional_accuracy": 0.5402061855670103,
        "classifier_directional_accuracy": 0.4587628865979381
      },
      "high_volatility": {
        "n_samples": 42,
        "mae": 0.0030644689686596394,
        "rmse": 0.003923009615391493,
        "directional_accuracy": 0.44761904761904764,
        "classifier_directional_accuracy": 0.5214285714285715
      }
    }
  },
  "Simplified_TFT": {
    "model": "Simplified_TFT",
    "overall": {
      "MAE": 0.013895789161324501,
      "RMSE": 0.01597725972533226,
      "MAPE": 13001.8125,
      "R2": -97.5105209350586,
      "DirectionalAccuracy": 0.45971223021582736,
      "ClassifierDirectionalAccuracy": 0.5338129496402878
    },
    "per_horizon": {
      "mae": [
        0.014620744623243809,
        0.02524999901652336,
        0.021740300580859184,
        0.01442507840692997,
        0.00991675816476345,
        0.020228354260325432,
        0.009377198293805122,
        0.009994772262871265,
        0.009123551659286022,
        0.0042811231687664986
      ],
      "rmse": [
        0.01565927267074585,
        0.026272954419255257,
        0.021804068237543106,
        0.017055891454219818,
        0.010065627284348011,
        0.020590616390109062,
        0.009700294584035873,
        0.010301961563527584,
        0.010087043978273869,
        0.004864327609539032
      ],
      "directional_accuracy": [
        0.4892086330935252,
        0.48201438848920863,
        0.5035971223021583,
        0.4676258992805755,
        0.43884892086330934,
        0.4172661870503597,
        0.5755395683453237,
        0.39568345323741005,
        0.4316546762589928,
        0.39568345323741005
      ],
      "classifier_directional_accuracy": [
        0.4892086330935252,
        0.5107913669064749,
        0.5035971223021583,
        0.5323741007194245,
        0.5611510791366906,
        0.4172661870503597,
        0.5755395683453237,
        0.5899280575539568,
        0.5611510791366906,
        0.5971223021582733
      ]
    },
    "regime_segmented": {
      "stable": {
        "n_samples": 97,
        "mae": 0.013628684915602207,
        "rmse": 0.015810232609510422,
        "directional_accuracy": 0.44742268041237115,
        "classifier_directional_accuracy": 0.5567010309278351
      },
      "high_volatility": {
        "n_samples": 42,
        "mae": 0.01451267022639513,
        "rmse": 0.01635649986565113,
        "directional_accuracy": 0.4880952380952381,
        "classifier_directional_accuracy": 0.48095238095238096
      }
    }
  },
  "ARIMA": {
    "model": "ARIMA",
    "overall": {
      "MAE": 0.0012607420794665813,
      "RMSE": 0.0016263368306681514,
      "MAPE": 106.39756774902344,
      "R2": -0.0007245540618896484,
      "DirectionalAccuracy": 0.53
    },
    "per_horizon": {
      "mae": [
        0.0005793262389488518,
        0.0008168044732883573,
        0.0008775618625804782,
        0.0009888001950457692,
        0.001254275324754417,
        0.0013991208979859948,
        0.0015166006051003933,
        0.0015815126243978739,
        0.0017151111969724298,
        0.0018783083651214838
      ],
      "rmse": [
        0.000745622266549617,
        0.0010084863752126694,
        0.0010733726667240262,
        0.0012235146714374423,
        0.0014978916151449084,
        0.0016854640562087297,
        0.0018990179523825645,
        0.002017059363424778,
        0.002087201690301299,
        0.002260956447571516
      ],
      "directional_accuracy": [
        0.475,
        0.6,
        0.575,
        0.65,
        0.525,
        0.5,
        0.575,
        0.425,
        0.575,
        0.4
      ]
    },
    "regime_segmented": {
      "stable": {
        "n_samples": 28,
        "mae": 0.001268161810003221,
        "rmse": 0.001656085136346519,
        "directional_accuracy": 0.5071428571428571
      },
      "high_volatility": {
        "n_samples": 12,
        "mae": 0.0012434294912964106,