{
  "XGBoost_standalone": {
    "model": "XGBoost_standalone",
    "overall": {
      "MAE": 0.03393421694636345,
      "RMSE": 0.04459255933761597,
      "MAPE": 208.2203369140625,
      "R2": 0.12210589647293091,
      "DirectionalAccuracy": 0.5881868131868132
    },
    "per_horizon": {
      "mae": [
        0.014995407313108444,
        0.021433550864458084,
        0.02689550444483757,
        0.030736776068806648,
        0.03374680504202843,
        0.036436740309000015,
        0.03932400420308113,
        0.041241373866796494,
        0.04542072117328644,
        0.04911128804087639
      ],
      "rmse": [
        0.018521059304475784,
        0.026791302487254143,
        0.03370083123445511,
        0.0381527878344059,
        0.04207797721028328,
        0.0456182099878788,
        0.04941529035568237,
        0.052490342408418655,
        0.05762976408004761,
        0.062152281403541565
      ],
      "directional_accuracy": [
        0.5357142857142857,
        0.5494505494505495,
        0.5686813186813187,
        0.5989010989010989,
        0.6071428571428571,
        0.5851648351648352,
        0.6208791208791209,
        0.6263736263736264,
        0.5906593406593407,
        0.5989010989010989
      ]
    },
    "regime_segmented": {
      "stable": {
        "n_samples": 255,
        "mae": 0.036013878881931305,
        "rmse": 0.04734301194548607,
        "directional_accuracy": 0.6
      },
      "high_volatility": {
        "n_samples": 109,
        "mae": 0.029068954288959503,
        "rmse": 0.0373755618929863,
        "directional_accuracy": 0.5605504587155963
      }
    }
  },
  "Hybrid_CNN_LSTM_Transformer": {
    "model": "Hybrid_CNN_LSTM_Transformer",
    "overall": {
      "MAE": 0.03392697498202324,
      "RMSE": 0.04458499327301979,
      "MAPE": 208.0514678955078,
      "R2": 0.12240386009216309,
      "DirectionalAccuracy": 0.5873626373626374,
      "ClassifierDirectionalAccuracy": 0.5
    },
    "per_horizon": {
      "mae": [
        0.014992614276707172,
        0.021428411826491356,
        0.026887385174632072,
        0.0307304784655571,
        0.033741146326065063,
        0.03643447905778885,
        0.039316244423389435,
        0.04123745113611221,
        0.04540451988577843,
        0.049097009003162384
      ],
      "rmse": [
        0.01851677894592285,
        0.026782575994729996,
        0.033690739423036575,
        0.03814510628581047,
        0.0420709066092968,
        0.04561656340956688,
        0.049409348517656326,
        0.05248451605439186,
        0.05761595070362091,
        0.06214165315032005
      ],
      "directional_accuracy": [
        0.5357142857142857,
        0.5494505494505495,
        0.5659340659340659,
        0.5989010989010989,
        0.6043956043956044,
        0.5851648351648352,
        0.6208791208791209,
        0.6263736263736264,
        0.5906593406593407,
        0.5961538461538461
      ],
      "classifier_directional_accuracy": [
        0.47527472527472525,
        0.5137362637362637,
        0.5,
        0.489010989010989,
        0.5054945054945055,
        0.49725274725274726,
        0.45879120879120877,
        0.532967032967033,
        0.5192307692307693,
        0.5082417582417582
      ]
    },
    "regime_segmented": {
      "stable": {
        "n_samples": 255,
        "mae": 0.036008838564157486,
        "rmse": 0.04733702167868614,
        "directional_accuracy": 0.5992156862745098,
        "classifier_directional_accuracy": 0.49411764705882355
      },
      "high_volatility": {
        "n_samples": 109,
        "mae": 0.029056549072265625,
        "rmse": 0.037363167852163315,
        "directional_accuracy": 0.5596330275229358,
        "classifier_directional_accuracy": 0.5137614678899083
      }
    }
  },
  "Vanilla_LSTM": {
    "model": "Vanilla_LSTM",
    "overall": {
      "MAE": 0.04199577495455742,
      "RMSE": 0.056628987193107605,
      "MAPE": 339.46044921875,
      "R2": -0.4157770872116089,
      "DirectionalAccuracy": 0.4950549450549451,
      "ClassifierDirectionalAccuracy": 0.49615384615384617
    },
    "per_horizon": {
      "mae": [
        0.015825174748897552,
        0.022203611209988594,
        0.029758216813206673,
        0.03689981997013092,
        0.044495489448308945,
        0.04563704505562782,
        0.0501723513007164,
        0.056045111268758774,
        0.056927748024463654,
        0.06199318915605545
      ],
      "rmse": [
        0.019576946273446083,
        0.028034092858433723,
        0.037718430161476135,
        0.047296300530433655,
        0.05669354274868965,
        0.05828678235411644,
        0.06416397541761398,
        0.07097532600164413,
        0.07255885004997253,
        0.07879610359668732
      ],
      "directional_accuracy": [
        0.5247252747252747,
        0.510989010989011,
        0.4807692307692308,
        0.46153846153846156,
        0.4697802197802198,
        0.4807692307692308,
        0.49725274725274726,
        0.49725274725274726,
        0.5082417582417582,
        0.5192307692307693
      ],
      "classifier_directional_accuracy": [
        0.5247252747252747,
        0.5164835164835165,
        0.5,
        0.510989010989011,
        0.4945054945054945,
        0.5027472527472527,
        0.5,
        0.3983516483516483,
        0.5054945054945055,
        0.5082417582417582
      ]
    },
    "regime_segmented": {
      "stable": {
        "n_samples": 255,
        "mae": 0.0423593632876873,
        "rmse": 0.05802084133028984,
        "directional_accuracy": 0.5078431372549019,
        "classifier_directional_accuracy": 0.5098039215686274
      },
      "high_volatility": {
        "n_samples": 109,
        "mae": 0.04114517942070961,
        "rmse": 0.053230833262205124,
        "directional_accuracy": 0.4651376146788991,
        "classifier_directional_accuracy": 0.46422018348623856
      }
    }
  },
  "Simplified_TFT": {
    "model": "Simplified_TFT",
    "overall": {
      "MAE": 0.03919631987810135,
      "RMSE": 0.051782842725515366,
      "MAPE": 294.42572021484375,
      "R2": -0.18382930755615234,
      "DirectionalAccuracy": 0.5046703296703297,
      "ClassifierDirectionalAccuracy": 0.5063186813186813
    },
    "per_horizon": {
      "mae": [
        0.015946876257658005,
        0.028816601261496544,
        0.027494419366121292,
        0.0339861661195755,
        0.037295665591955185,
        0.04049055278301239,
        0.04329264909029007,
        0.05532049387693405,
        0.049740832298994064,
        0.05957896262407303
      ],
      "rmse": [
        0.020052237436175346,
        0.03631872683763504,
        0.034386590123176575,
        0.04232623055577278,
        0.04700140655040741,
        0.05143435299396515,
        0.05446374788880348,
        0.06842846423387527,
        0.06301792711019516,
        0.07513254880905151
      ],
      "directional_accuracy": [
        0.5192307692307693,
        0.5137362637362637,
        0.5164835164835165,
        0.5247252747252747,
        0.5054945054945055,
        0.41208791208791207,
        0.5494505494505495,
        0.510989010989011,
        0.5192307692307693,
        0.47527472527472525
      ],
      "classifier_directional_accuracy": [
        0.5247252747252747,
        0.5137362637362637,
        0.5,
        0.510989010989011,
        0.5054945054945055,
        0.5054945054945055,
        0.5,
        0.489010989010989,
        0.5054945054945055,
        0.5082417582417582
      ]
    },
    "regime_segmented": {
      "stable": {
        "n_samples": 255,
        "mae": 0.04112829640507698,
        "rmse": 0.054170720279216766,
        "directional_accuracy": 0.5066666666666667,
        "classifier_directional_accuracy": 0.5086274509803922
      },
      "high_volatility": {
        "n_samples": 109,
        "mae": 0.03467656672000885,
        "rmse": 0.04571184143424034,
        "directional_accuracy": 0.5,