{
  "Hybrid_CNN_LSTM_Transformer": {
    "model": "Hybrid_CNN_LSTM_Transformer",
    "overall": {
      "MAE": 0.0020332697313278913,
      "RMSE": 0.00321556581184268,
      "MAPE": 980.1615600585938,
      "R2": -0.4685678482055664,
      "DirectionalAccuracy": 0.5121786197564276,
      "DirAcc@20pctCoverage": 0.5216508795669824,
      "DirAcc@10pctCoverage": 0.5115020297699594,
      "ClassifierDirectionalAccuracy": 0.5070365358592693
    },
    "per_horizon": {
      "mae": [
        0.0007454349542967975,
        0.0011052933987230062,
        0.001303862314671278,
        0.0016045666998252273,
        0.0019888957031071186,
        0.0023200935684144497,
        0.0026634456589818,
        0.0027619414031505585,
        0.0029411090072244406,
        0.0028980555944144726
      ],
      "rmse": [
        0.0011554568773135543,
        0.001722850720398128,
        0.002077491721138358,
        0.0024987966753542423,
        0.0030237578321248293,
        0.0034800448920577765,
        0.003867299063131213,
        0.004013339523226023,
        0.00423965509980917,
        0.00427129864692688
      ],
      "directional_accuracy": [
        0.503382949932341,
        0.4993234100135318,
        0.496617050067659,
        0.48308525033829497,
        0.510148849797023,
        0.5250338294993234,
        0.5250338294993234,
        0.5345060893098782,
        0.5115020297699594,
        0.5331529093369418
      ],
      "classifier_directional_accuracy": [
        0.5142083897158322,
        0.503382949932341,
        0.496617050067659,
        0.4925575101488498,
        0.5196211096075778,
        0.4790257104194858,
        0.5060893098782138,
        0.5087956698240866,
        0.5385656292286874,
        0.5115020297699594
      ]
    },
    "regime_segmented": {
      "stable": {
        "n_samples": 517,
        "mae": 0.0019944051746279,
        "rmse": 0.0033164992928504944,
        "directional_accuracy": 0.5106382978723404,
        "classifier_directional_accuracy": 0.511798839458414
      },
      "high_volatility": {
        "n_samples": 222,
        "mae": 0.002123778685927391,
        "rmse": 0.002967230975627899,
        "directional_accuracy": 0.5157657657657657,
        "classifier_directional_accuracy": 0.49594594594594593
      }
    }
  },
  "Vanilla_LSTM": {
    "model": "Vanilla_LSTM",
    "overall": {
      "MAE": 0.001993893412873149,
      "RMSE": 0.003140779910609126,
      "MAPE": 890.6512451171875,
      "R2": -0.4010518789291382,
      "DirectionalAccuracy": 0.5079837618403248,
      "DirAcc@20pctCoverage": 0.513531799729364,
      "DirAcc@10pctCoverage": 0.5155615696887687,
      "ClassifierDirectionalAccuracy": 0.48768606224627875
    },
    "per_horizon": {
      "mae": [
        0.0010103469248861074,
        0.0013820137828588486,
        0.0013587770517915487,
        0.0019116998882964253,
        0.0017552755307406187,
        0.001888275146484375,
        0.0023312245029956102,
        0.0021770521998405457,
        0.002912642667070031,
        0.003211625386029482
      ],
      "rmse": [
        0.0014163362793624401,
        0.002068017376586795,
        0.0020832521840929985,
        0.0027932017110288143,
        0.0027363768313080072,
        0.0030141491442918777,
        0.0035221155267208815,
        0.003414833452552557,
        0.004244777839630842,
        0.004643597174435854
      ],
      "directional_accuracy": [
        0.4736129905277402,
        0.510148849797023,
        0.510148849797023,
        0.5047361299052774,
        0.5209742895805142,
        0.5290933694181326,
        0.5006765899864682,
        0.5480378890392422,
        0.5006765899864682,
        0.4817320703653586
      ],
      "classifier_directional_accuracy": [
        0.476319350473613,
        0.4912043301759134,
        0.4939106901217862,
        0.496617050067659,
        0.503382949932341,
        0.4790257104194858,
        0.5060893098782138,
        0.4817320703653586,
        0.4817320703653586,
        0.4668470906630582
      ]
    },
    "regime_segmented": {
      "stable": {
        "n_samples": 517,
        "mae": 0.0019594510085880756,
        "rmse": 0.003191533265635371,
        "directional_accuracy": 0.49284332688588006,
        "classifier_directional_accuracy": 0.4864603481624758
      },
      "high_volatility": {
        "n_samples": 222,
        "mae": 0.0020741040352731943,
        "rmse": 0.00301927886903286,
        "directional_accuracy": 0.5432432432432432,
        "classifier_directional_accuracy": 0.4905405405405405
      }
    }
  },
  "Simplified_TFT": {
    "model": "Simplified_TFT",
    "overall": {
      "MAE": 0.006422888953238726,
      "RMSE": 0.007864351384341717,
      "MAPE": 5050.87646484375,
      "R2": -7.784256935119629,
      "DirectionalAccuracy": 0.4952638700947226,
      "DirAcc@20pctCoverage": 0.5216508795669824,
      "DirAcc@10pctCoverage": 0.4952638700947226,
      "ClassifierDirectionalAccuracy": 0.49472259810554803
    },
    "per_horizon": {
      "mae": [
        0.0012145460350438952,
        0.005944232456386089,
        0.0082124387845397,
        0.014282719232141972,
        0.009089885279536247,
        0.0043290904723107815,
        0.002253310987725854,
        0.004131097812205553,
        0.01019197516143322,
        0.004579596221446991
      ],
      "rmse": [
        0.0015821777051314712,
        0.0062005603685975075,
        0.008472622372210026,
        0.014484828338027,
        0.009344587102532387,
        0.005200155545026064,
        0.0032158202957361937,
        0.005190283991396427,
        0.01054630521684885,
        0.0057503399439156055
      ],
      "directional_accuracy": [
        0.510148849797023,
        0.4993234100135318,
        0.4979702300405954,
        0.4925575101488498,
        0.503382949932341,
        0.4790257104194858,
        0.5060893098782138,
        0.48308525033829497,
        0.5142083897158322,
        0.4668470906630582
      ],
      "classifier_directional_accuracy": [
        0.5142083897158322,
        0.4912043301759134,
        0.4939106901217862,
        0.4925575101488498,
        0.503382949932341,
        0.4519621109607578,
        0.5060893098782138,
        0.48308525033829497,
        0.4817320703653586,
        0.5290933694181326
      ]
    },
    "regime_segmented": {
      "stable": {
        "n_samples": 517,
        "mae": 0.006423088256269693,
        "rmse": 0.00786278210580349,
        "directional_accuracy": 0.4934235976789168,
        "classifier_directional_accuracy": 0.5001934235976789
      },
      "high_volatility": {
        "n_samples": 222,
        "mae": 0.006422426085919142,
        "rmse": 0.007868004031479359,
        "directional_accuracy": 0.49954954954954955,
        "classifier_directional_accuracy": 0.481981981981982
      }
    }
  },
  "ARIMA": {
    "model": "ARIMA",
    "overall": {
      "MAE": 0.001507045584730804,
      "RMSE": 0.002477341564372182,
      "MAPE": 143.8297882080078,
      "R2": -0.08586442470550537,
      "DirectionalAccuracy": 0.5275,
      "DirAcc@20pctCoverage": 0.4625,
      "DirAcc@10pctCoverage": 0.35
    },
    "per_horizon": {
      "mae": [
        0.0006395663949660957,
        0.0008941137348301709,
        0.0011350404238328338,
        0.0010672931093722582,
        0.0019044659566134214,
        0.00187013135291636,
        0.0016719292616471648,
        0.001738978549838066,
        0.0020276729483157396,
        0.002121265744790435
      ],
      "rmse": [
        0.0007971359882503748,
        0.0011760109337046742,
        0.0015443944139406085,
        0.001443073502741754,
        0.0029877754859626293,
        0.003190349554643035,
        0.003056279383599758,
        0.002912372350692749,
        0.002969195833429694,
        0.003023599972948432
      ],