{
  "Hybrid_CNN_LSTM_Transformer": {
    "model": "Hybrid_CNN_LSTM_Transformer",
    "overall": {
      "MAE": 0.0016320026479661465,
      "RMSE": 0.0023316217120736837,
      "MAPE": 1084.1219482421875,
      "R2": -1.097945213317871,
      "DirectionalAccuracy": 0.5589928057553957,
      "ClassifierDirectionalAccuracy": 0.5323741007194245
    },
    "per_horizon": {
      "mae": [
        0.0007267447654157877,
        0.0011711472179740667,
        0.0011669025989249349,
        0.0013388976221904159,
        0.0014049106976017356,
        0.002016895916312933,
        0.0018374430947005749,
        0.0019044507062062621,
        0.0021638209000229836,
        0.002588812028989196
      ],
      "rmse": [
        0.001059079309925437,
        0.002050611888989806,
        0.0015499743167310953,
        0.0018135346472263336,
        0.0018678167834877968,
        0.0027859164401888847,
        0.0024761653039604425,
        0.0024249437265098095,
        0.0029218383133411407,
        0.0033981839660555124
      ],
      "directional_accuracy": [
        0.460431654676259,
        0.5035971223021583,
        0.60431654676259,
        0.5683453237410072,
        0.5899280575539568,
        0.6258992805755396,
        0.6690647482014388,
        0.5539568345323741,
        0.5251798561151079,
        0.4892086330935252
      ],
      "classifier_directional_accuracy": [
        0.4676258992805755,
        0.5107913669064749,
        0.49640287769784175,
        0.5323741007194245,
        0.5611510791366906,
        0.5827338129496403,
        0.4244604316546763,
        0.5899280575539568,
        0.5611510791366906,
        0.5971223021582733
      ]
    },
    "regime_segmented": {
      "stable": {
        "n_samples": 97,
        "mae": 0.0017456227215006948,
        "rmse": 0.0025575393810868263,
        "directional_accuracy": 0.5381443298969072,
        "classifier_directional_accuracy": 0.5515463917525774
      },
      "high_volatility": {
        "n_samples": 42,
        "mae": 0.0013695941306650639,
        "rmse": 0.0016986700939014554,
        "directional_accuracy": 0.6071428571428571,
        "classifier_directional_accuracy": 0.4880952380952381
      }
    }
  },
  "Vanilla_LSTM": {
    "model": "Vanilla_LSTM",
    "overall": {
      "MAE": 0.002486556302756071,
      "RMSE": 0.0032345035579055548,
      "MAPE": 1511.441650390625,
      "R2": -3.037321090698242,
      "DirectionalAccuracy": 0.48848920863309353,
      "ClassifierDirectionalAccuracy": 0.4856115107913669
    },
    "per_horizon": {
      "mae": [
        0.0013937680050730705,
        0.003423389047384262,
        0.002018438884988427,
        0.0013259697007015347,
        0.0017825448885560036,
        0.0025340598076581955,
        0.003014116082340479,
        0.003964596427977085,
        0.0026257080025970936,
        0.002782970666885376
      ],
      "rmse": [
        0.0018472073134034872,
        0.004362705163657665,
        0.0024006920866668224,
        0.0016160609666258097,
        0.002358438214287162,
        0.0030675786547362804,
        0.003910349681973457,
        0.004706169478595257,
        0.003320098854601383,
        0.0032195644453167915
      ],
      "directional_accuracy": [
        0.4676258992805755,
        0.4892086330935252,
        0.5179856115107914,
        0.539568345323741,
        0.5827338129496403,
        0.4172661870503597,
        0.5539568345323741,
        0.39568345323741005,
        0.5539568345323741,
        0.3669064748201439
      ],
      "classifier_directional_accuracy": [
        0.4892086330935252,
        0.5179856115107914,
        0.4892086330935252,
        0.4676258992805755,
        0.43884892086330934,
        0.4172661870503597,
        0.48201438848920863,
        0.39568345323741005,
        0.5611510791366906,
        0.5971223021582733
      ]
    },
    "regime_segmented": {
      "stable": {
        "n_samples": 97,
        "mae": 0.002172270091250539,
        "rmse": 0.002767737489193678,
        "directional_accuracy": 0.46804123711340206,
        "classifier_directional_accuracy": 0.48041237113402063
      },
      "high_volatility": {
        "n_samples": 42,
        "mae": 0.0032124074641615152,
        "rmse": 0.004114908631891012,
        "directional_accuracy": 0.5357142857142857,
        "classifier_directional_accuracy": 0.4976190476190476
      }
    }
  },
  "Simplified_TFT": {
    "model": "Simplified_TFT",
    "overall": {
      "MAE": 0.014961005188524723,
      "RMSE": 0.018229158595204353,
      "MAPE": 12494.3486328125,
      "R2": -127.23638916015625,
      "DirectionalAccuracy": 0.5115107913669065,
      "ClassifierDirectionalAccuracy": 0.48992805755395685
    },
    "per_horizon": {
      "mae": [
        0.014332713559269905,
        0.014886664226651192,
        0.015155996195971966,
        0.025418834760785103,
        0.007737174164503813,
        0.0032851682044565678,
        0.025650305673480034,
        0.006448772735893726,
        0.031001001596450806,
        0.005693420302122831
      ],
      "rmse": [
        0.01575596258044243,
        0.016796501353383064,
        0.016301007941365242,
        0.02552596665918827,
        0.008073207922279835,
        0.004512496758252382,
        0.026127418503165245,
        0.00857484433799982,
        0.03141266480088234,
        0.006847400683909655
      ],
      "directional_accuracy": [
        0.4892086330935252,
        0.5107913669064749,
        0.4676258992805755,
        0.5323741007194245,
        0.43884892086330934,
        0.5899280575539568,
        0.4244604316546763,
        0.5323741007194245,
        0.5611510791366906,
        0.5683453237410072
      ],
      "classifier_directional_accuracy": [
        0.4892086330935252,
        0.4748201438848921,
        0.5179856115107914,
        0.4676258992805755,
        0.5611510791366906,
        0.5827338129496403,
        0.460431654676259,
        0.41007194244604317,
        0.381294964028777,
        0.5539568345323741
      ]
    },
    "regime_segmented": {
      "stable": {
        "n_samples": 97,
        "mae": 0.01514324638992548,
        "rmse": 0.01852370984852314,
        "directional_accuracy": 0.5216494845360825,
        "classifier_directional_accuracy": 0.488659793814433
      },
      "high_volatility": {
        "n_samples": 42,
        "mae": 0.014540116302669048,
        "rmse": 0.017529981210827827,
        "directional_accuracy": 0.4880952380952381,
        "classifier_directional_accuracy": 0.4928571428571429
      }
    }
  },
  "ARIMA": {
    "model": "ARIMA",
    "overall": {
      "MAE": 0.0012607420794665813,
      "RMSE": 0.0016263368306681514,
      "MAPE": 106.39756774902344,
      "R2": -0.0007245540618896484,
      "DirectionalAccuracy": 0.53
    },
    "per_horizon": {
      "mae": [
        0.0005793262389488518,
        0.0008168044732883573,
        0.0008775618625804782,
        0.0009888001950457692,
        0.001254275324754417,
        0.0013991208979859948,
        0.0015166006051003933,
        0.0015815126243978739,
        0.0017151111969724298,
        0.0018783083651214838
      ],
      "rmse": [
        0.000745622266549617,
        0.0010084863752126694,
        0.0010733726667240262,
        0.0012235146714374423,
        0.0014978916151449084,
        0.0016854640562087297,
        0.0018990179523825645,
        0.002017059363424778,
        0.002087201690301299,
        0.002260956447571516
      ],
      "directional_accuracy": [
        0.475,
        0.6,
        0.575,
        0.65,
        0.525,
        0.5,
        0.575,
        0.425,
        0.575,
        0.4
      ]
    },
    "regime_segmented": {
      "stable": {
        "n_samples": 28,
        "mae": 0.001268161810003221,
        "rmse": 0.001656085136346519,
        "directional_accuracy": 0.5071428571428571
      },
      "high_volatility": {
        "n_samples": 12,
        "mae": 0.0012434294912964106,