{
  "Hybrid_CNN_LSTM_Transformer": {
    "model": "Hybrid_CNN_LSTM_Transformer",
    "overall": {
      "MAE": 0.0378246083855629,
      "RMSE": 0.050918757915496826,
      "MAPE": 2194.71044921875,
      "R2": -0.23803675174713135,
      "DirectionalAccuracy": 0.45725806451612905,
      "DirAcc@20pctCoverage": 0.41935483870967744,
      "DirAcc@10pctCoverage": 0.3790322580645161,
      "ClassifierDirectionalAccuracy": 0.4798387096774194
    },
    "per_horizon": {
      "mae": [
        0.01685713604092598,
        0.024463756009936333,
        0.0312351044267416,
        0.03463413193821907,
        0.03842734172940254,
        0.04249180480837822,
        0.04417850077152252,
        0.04549416899681091,
        0.04823172092437744,
        0.05223242938518524
      ],
      "rmse": [
        0.022975539788603783,
        0.03215008229017258,
        0.0395030602812767,
        0.0446845181286335,
        0.049513474106788635,
        0.054590217769145966,
        0.05737024545669556,
        0.060147225856781006,
        0.06353715807199478,
        0.0665643960237503
      ],
      "directional_accuracy": [
        0.4838709677419355,
        0.4435483870967742,
        0.41935483870967744,
        0.45161290322580644,
        0.47580645161290325,
        0.43548387096774194,
        0.47580645161290325,
        0.5241935483870968,
        0.4435483870967742,
        0.41935483870967744
      ],
      "classifier_directional_accuracy": [
        0.5161290322580645,
        0.47580645161290325,
        0.5080645161290323,
        0.532258064516129,
        0.5403225806451613,
        0.3951612903225806,
        0.4435483870967742,
        0.4112903225806452,
        0.4274193548387097,
        0.5483870967741935
      ]
    },
    "regime_segmented": {
      "stable": {
        "n_samples": 87,
        "mae": 0.04204203188419342,
        "rmse": 0.055689748376607895,
        "directional_accuracy": 0.39770114942528734,
        "classifier_directional_accuracy": 0.4632183908045977
      },
      "high_volatility": {
        "n_samples": 37,
        "mae": 0.027907954528927803,
        "rmse": 0.03737321123480797,
        "directional_accuracy": 0.5972972972972973,
        "classifier_directional_accuracy": 0.518918918918919
      }
    },
    "event_window": {
      "n_event_origins": 5,
      "event_coverage": 0.04032258064516129,
      "DirAcc_event": 0.58,
      "DirAcc_nonevent": 0.45210084033613446,
      "MAE_event": 0.030805213376879692
    },
    "calibrated_abstention": {
      "conf_quantile": 0.95,
      "tau": 0.016933541744947433,
      "mode": "follow",
      "val_selective_acc": 0.746268656716418,
      "val_coverage": 0.05,
      "test_coverage": 0.36693548387096775,
      "test_selective_acc": 0.4307692307692308,
      "test_acc_unfiltered": 0.45725806451612905
    },
    "backtest": {
      "mode": "follow",
      "tau": 0.011590313166379929,
      "cost_bps_per_change": 2.0,
      "n_bars": 124,
      "time_in_market": 0.0967741935483871,
      "n_transactions": 13,
      "hit_rate_when_in": 0.4166666666666667,
      "total_return_log": 0.10527674853801727,
      "total_return_pct": 11.10180377960205,
      "buy_hold_return_pct": -4.11565637588501,
      "annualised_sharpe": 1.136544223836765,
      "buy_hold_sharpe": -0.24785415273151773,
      "max_drawdown_log": -0.0589870810508728,
      "equity_curve": [
        0.0,
        0.0,
        0.0,
        0.0,
        0.0,
        0.0,
        0.0,
        0.0,
        0.0,
        0.0,
        0.0,
        0.0,
        0.0,
        0.0,
        0.0,
        0.0,
        0.0,
        0.0,
        0.0,
        0.0,
        0.0,
        0.0,
        0.0,
        -0.00023910064192023128,
        -0.0004391006368678063,
        -0.0038033919408917427,
        0.11685357242822647,
        0.11665356904268265,
        0.11665356904268265,
        0.11665356904268265,
        0.11665356904268265,
        0.11665356904268265,
        0.11665356904268265,
        0.11665356904268265,
        0.11665356904268265,
        0.11665356904268265,
        0.11665356904268265,
        0.11665356904268265,
        0.11665356904268265,
        0.11665356904268265,
        0.11665356904268265,
        0.11665356904268265,
        0.1258939951658249,
        0.12569399178028107,
        0.12569399178028107,
        0.12569399178028107,
        0.12569399178028107,
        0.12569399178028107,
        0.12569399178028107,
        0.12569399178028107,
        0.12569399178028107,
        0.12569399178028107,
        0.12569399178028107,
        0.12569399178028107,
        0.12569399178028107,
        0.12569399178028107,
        0.12569399178028107,
        0.12569399178028107,
        0.12569399178028107,
        0.12569399178028107,
        0.12569399178028107,
        0.12569399178028107,
        0.12569399178028107,
        0.12569399178028107,
        0.12569399178028107,
        0.12569399178028107,
        0.12569399178028107,
        0.12569399178028107,
        0.12569399178028107,
        0.12569399178028107,
        0.12569399178028107,
        0.12569399178028107,
        0.12569399178028107,
        0.12569399178028107,
        0.12569399178028107,
        0.12569399178028107,
        0.12569399178028107,
        0.12569399178028107,
        0.12569399178028107,
        0.12569399178028107,
        0.12569399178028107,
        0.12569399178028107,
        0.12569399178028107,
        0.12569399178028107,
        0.12569399178028107,
        0.12569399178028107,
        0.12569399178028107,
        0.12569399178028107,
        0.12569399178028107,
        0.12569399178028107,
        0.12569399178028107,
        0.13349340856075287,
        0.13329340517520905,
        0.13329340517520905,
        0.13329340517520905,
        0.13329340517520905,
        0.13329340517520905,
        0.13329340517520905,
        0.13329340517520905,
        0.13329340517520905,
        0.13329340517520905,
        0.13329340517520905,
        0.13329340517520905,
        0.13329340517520905,
        0.13329340517520905,
        0.13329340517520905,
        0.13329340517520905,
        0.1446729153394699,
        0.1444729119539261,
        0.1444729119539261,
        0.1444729119539261,
        0.1444729119539261,
        0.1444729119539261,
        0.1444729119539261,
        0.14399634301662445,
        0.1263362020254135,
        0.09005270898342133,
        0.0856858342885971,
        0.11571703851222992,
        0.1155170351266861,
        0.1155170351266861,
        0.1155170351266861,
        0.1155170351266861,
        0.10527674853801727
      ],