{
  "XGBoost_standalone": {
    "model": "XGBoost_standalone",
    "overall": {
      "MAE": 0.025774769484996796,
      "RMSE": 0.036634013056755066,
      "MAPE": 239.0759735107422,
      "R2": 0.10706031322479248,
      "DirectionalAccuracy": 0.6335164835164835
    },
    "per_horizon": {
      "mae": [
        0.009712927974760532,
        0.013570701703429222,
        0.017665114253759384,
        0.020225470885634422,
        0.023684348911046982,
        0.027946356683969498,
        0.032457057386636734,
        0.033857233822345734,
        0.038705211132764816,
        0.0399232842028141
      ],
      "rmse": [
        0.013703609816730022,
        0.01933462917804718,
        0.02454684115946293,
        0.027516232803463936,
        0.03268234431743622,
        0.03743503615260124,
        0.04252784699201584,
        0.04439151659607887,
        0.0507362000644207,
        0.05173294246196747
      ],
      "directional_accuracy": [
        0.5576923076923077,
        0.6318681318681318,
        0.6043956043956044,
        0.6703296703296703,
        0.6813186813186813,
        0.6538461538461539,
        0.6098901098901099,
        0.6675824175824175,
        0.6126373626373627,
        0.6456043956043956
      ]
    },
    "regime_segmented": {
      "stable": {
        "n_samples": 255,
        "mae": 0.020901398733258247,
        "rmse": 0.0298581775277853,
        "directional_accuracy": 0.6152941176470588
      },
      "high_volatility": {
        "n_samples": 109,
        "mae": 0.037175778299570084,
        "rmse": 0.04894963279366493,
        "directional_accuracy": 0.6761467889908257
      }
    }
  },
  "Hybrid_CNN_LSTM_Transformer": {
    "model": "Hybrid_CNN_LSTM_Transformer",
    "overall": {
      "MAE": 0.026270894333720207,
      "RMSE": 0.03654167056083679,
      "MAPE": 343.83966064453125,
      "R2": 0.11155623197555542,
      "DirectionalAccuracy": 0.631043956043956,
      "ClassifierDirectionalAccuracy": 0.4846153846153846
    },
    "per_horizon": {
      "mae": [
        0.009552876465022564,
        0.013589257374405861,
        0.017849154770374298,
        0.02087215892970562,
        0.024583986029028893,
        0.02897609956562519,
        0.03351742401719093,
        0.03478970006108284,
        0.03902581334114075,
        0.03995247557759285
      ],
      "rmse": [
        0.013532745651900768,
        0.01936046965420246,
        0.0242302343249321,
        0.027759974822402,
        0.03300639986991882,
        0.0377935953438282,
        0.04305281117558479,
        0.04448365792632103,
        0.050050459802150726,
        0.05081422999501228
      ],
      "directional_accuracy": [
        0.5439560439560439,
        0.6318681318681318,
        0.5961538461538461,
        0.6648351648351648,
        0.6648351648351648,
        0.6565934065934066,
        0.6071428571428571,
        0.6593406593406593,
        0.6318681318681318,
        0.6538461538461539
      ],
      "classifier_directional_accuracy": [
        0.5302197802197802,
        0.5521978021978022,
        0.45054945054945056,
        0.4478021978021978,
        0.5796703296703297,
        0.42032967032967034,
        0.45604395604395603,
        0.4725274725274725,
        0.46703296703296704,
        0.4697802197802198
      ]
    },
    "regime_segmented": {
      "stable": {
        "n_samples": 255,
        "mae": 0.02171575091779232,
        "rmse": 0.02984272502362728,
        "directional_accuracy": 0.611764705882353,
        "classifier_directional_accuracy": 0.5266666666666666
      },
      "high_volatility": {
        "n_samples": 109,
        "mae": 0.03692742809653282,
        "rmse": 0.04874073714017868,
        "directional_accuracy": 0.6761467889908257,
        "classifier_directional_accuracy": 0.38623853211009174
      }
    }
  },
  "Vanilla_LSTM": {
    "model": "Vanilla_LSTM",
    "overall": {
      "MAE": 0.02907906472682953,
      "RMSE": 0.038490600883960724,
      "MAPE": 535.3345336914062,
      "R2": 0.014259636402130127,
      "DirectionalAccuracy": 0.5865384615384616,
      "ClassifierDirectionalAccuracy": 0.5222527472527473
    },
    "per_horizon": {
      "mae": [
        0.011922057718038559,
        0.013861446641385555,
        0.020664069801568985,
        0.022914143279194832,
        0.02620069310069084,
        0.03160326927900314,
        0.03650650754570961,
        0.0413353405892849,
        0.03967735916376114,
        0.046105749905109406
      ],
      "rmse": [
        0.015182062052190304,
        0.018781723454594612,
        0.027470646426081657,
        0.03022591769695282,
        0.0344361774623394,
        0.03894130513072014,
        0.044800449162721634,
        0.05011594295501709,
        0.04855193570256233,
        0.05463990569114685
      ],
      "directional_accuracy": [
        0.5247252747252747,
        0.6456043956043956,
        0.6401098901098901,
        0.6098901098901099,
        0.6373626373626373,
        0.5741758241758241,
        0.5961538461538461,
        0.5521978021978022,
        0.5576923076923077,
        0.5274725274725275
      ],
      "classifier_directional_accuracy": [
        0.5302197802197802,
        0.4423076923076923,
        0.45054945054945056,
        0.5521978021978022,
        0.5796703296703297,
        0.532967032967033,
        0.5439560439560439,
        0.5274725274725275,
        0.5357142857142857,
        0.5274725274725275
      ]
    },
    "regime_segmented": {
      "stable": {
        "n_samples": 255,
        "mae": 0.026280203834176064,
        "rmse": 0.03527529910206795,
        "directional_accuracy": 0.5215686274509804,
        "classifier_directional_accuracy": 0.46352941176470586
      },
      "high_volatility": {
        "n_samples": 109,
        "mae": 0.0356268584728241,
        "rmse": 0.04512644559144974,
        "directional_accuracy": 0.7385321100917431,
        "classifier_directional_accuracy": 0.6596330275229357
      }
    }
  },
  "Simplified_TFT": {
    "model": "Simplified_TFT",
    "overall": {
      "MAE": 0.028392089530825615,
      "RMSE": 0.03862584009766579,
      "MAPE": 454.2308349609375,
      "R2": 0.00732046365737915,
      "DirectionalAccuracy": 0.5587912087912088,
      "ClassifierDirectionalAccuracy": 0.4717032967032967
    },
    "per_horizon": {
      "mae": [
        0.010322226211428642,
        0.014020875096321106,
        0.019646549597382545,
        0.022940119728446007,
        0.026768118143081665,
        0.030701380223035812,
        0.03377881273627281,
        0.03914886340498924,
        0.042280059307813644,
        0.044313885271549225
      ],
      "rmse": [
        0.014608321711421013,
        0.019353607669472694,
        0.025272490456700325,
        0.029764309525489807,
        0.034589480608701706,
        0.03875105082988739,
        0.04298683628439903,
        0.049012210220098495,
        0.05261881276965141,
        0.05558864027261734
      ],
      "directional_accuracy": [
        0.5439560439560439,
        0.5906593406593407,
        0.5494505494505495,
        0.5686813186813187,
        0.5989010989010989,
        0.5576923076923077,
        0.5824175824175825,
        0.5357142857142857,
        0.5302197802197802,
        0.5302197802197802
      ],
      "classifier_directional_accuracy": [
        0.5302197802197802,
        0.5934065934065934,
        0.5137362637362637,
        0.4478021978021978,
        0.42032967032967034,
        0.4368131868131868,
        0.45604395604395603,
        0.4423076923076923,
        0.4642857142857143,
        0.41208791208791207
      ]
    },
    "regime_segmented": {
      "stable": {
        "n_samples": 255,
        "mae": 0.028620552271604538,
        "rmse": 0.03996285796165466,
        "directional_accuracy": 0.4772549019607843,
        "classifier_directional_accuracy": 0.5243137254901961
      },
      "high_volatility": {
        "n_samples": 109,
        "mae": 0.027857614681124687,