{
  "Hybrid_CNN_LSTM_Transformer": {
    "model": "Hybrid_CNN_LSTM_Transformer",
    "overall": {
      "MAE": 0.0019732487853616476,
      "RMSE": 0.0031295716762542725,
      "MAPE": 920.2031860351562,
      "R2": -0.3910701274871826,
      "DirectionalAccuracy": 0.4861975642760487,
      "DirAcc@20pctCoverage": 0.5615696887686062,
      "DirAcc@10pctCoverage": 0.5561569688768606,
      "ClassifierDirectionalAccuracy": 0.5010825439783492
    },
    "per_horizon": {
      "mae": [
        0.0007497808546759188,
        0.001114676590077579,
        0.0013445188524201512,
        0.001674081664532423,
        0.0019817170687019825,
        0.002300711115822196,
        0.0023600999265909195,
        0.002608612412586808,
        0.0027196165174245834,
        0.002878671744838357
      ],
      "rmse": [
        0.001179780112579465,
        0.0018139410531148314,
        0.0021487309131771326,
        0.0025948933325707912,
        0.0030396736692637205,
        0.003422711743041873,
        0.0035351463593542576,
        0.003834181698039174,
        0.0040070666000247,
        0.0042071412317454815
      ],
      "directional_accuracy": [
        0.489851150202977,
        0.496617050067659,
        0.469553450608931,
        0.4722598105548038,
        0.4857916102841678,
        0.496617050067659,
        0.503382949932341,
        0.4952638700947226,
        0.4709066305818674,
        0.4817320703653586
      ],
      "classifier_directional_accuracy": [
        0.4749661705006766,
        0.4912043301759134,
        0.4979702300405954,
        0.4939106901217862,
        0.503382949932341,
        0.5087956698240866,
        0.4993234100135318,
        0.5087956698240866,
        0.503382949932341,
        0.5290933694181326
      ]
    },
    "regime_segmented": {
      "stable": {
        "n_samples": 517,
        "mae": 0.0018679816275835037,
        "rmse": 0.003150537610054016,
        "directional_accuracy": 0.4932301740812379,
        "classifier_directional_accuracy": 0.4986460348162476
      },
      "high_volatility": {
        "n_samples": 222,
        "mae": 0.0022183977998793125,
        "rmse": 0.003080192022025585,
        "directional_accuracy": 0.4698198198198198,
        "classifier_directional_accuracy": 0.5067567567567568
      }
    }
  },
  "Vanilla_LSTM": {
    "model": "Vanilla_LSTM",
    "overall": {
      "MAE": 0.002717559924349189,
      "RMSE": 0.0038869064301252365,
      "MAPE": 1348.8770751953125,
      "R2": -1.1457908153533936,
      "DirectionalAccuracy": 0.49174560216508795,
      "DirAcc@20pctCoverage": 0.5290933694181326,
      "DirAcc@10pctCoverage": 0.564276048714479,
      "ClassifierDirectionalAccuracy": 0.49688768606224626
    },
    "per_horizon": {
      "mae": [
        0.0010136438068002462,
        0.0011215232079848647,
        0.0022393835242837667,
        0.002638263162225485,
        0.003625862067565322,
        0.003105730749666691,
        0.004100675694644451,
        0.0030267145484685898,
        0.003326954785734415,
        0.0029768485110253096
      ],
      "rmse": [
        0.0014483480481430888,
        0.001783957821317017,
        0.0029672514647245407,
        0.0034999107010662556,
        0.004505117889493704,
        0.004174850881099701,
        0.005206935573369265,
        0.0043369256891310215,
        0.004681309685111046,
        0.0043800706043839455
      ],
      "directional_accuracy": [
        0.5074424898511503,
        0.5277401894451962,
        0.5006765899864682,
        0.4925575101488498,
        0.496617050067659,
        0.4749661705006766,
        0.4749661705006766,
        0.48308525033829497,
        0.4749661705006766,
        0.4844384303112314
      ],
      "classifier_directional_accuracy": [
        0.5142083897158322,
        0.4993234100135318,
        0.4939106901217862,
        0.4925575101488498,
        0.503382949932341,
        0.4790257104194858,
        0.4925575101488498,
        0.48308525033829497,
        0.4817320703653586,
        0.5290933694181326
      ]
    },
    "regime_segmented": {
      "stable": {
        "n_samples": 517,
        "mae": 0.0027206470258533955,
        "rmse": 0.003964511677622795,
        "directional_accuracy": 0.48684719535783366,
        "classifier_directional_accuracy": 0.4922630560928433
      },
      "high_volatility": {
        "n_samples": 222,
        "mae": 0.002710370346903801,
        "rmse": 0.003699872875586152,
        "directional_accuracy": 0.5031531531531531,
        "classifier_directional_accuracy": 0.5076576576576577
      }
    }
  },
  "Simplified_TFT": {
    "model": "Simplified_TFT",
    "overall": {
      "MAE": 0.0030469829216599464,
      "RMSE": 0.004061338026076555,
      "MAPE": 2174.490234375,
      "R2": -1.3427045345306396,
      "DirectionalAccuracy": 0.48876860622462787,
      "DirAcc@20pctCoverage": 0.5054127198917456,
      "DirAcc@10pctCoverage": 0.5372124492557511,
      "ClassifierDirectionalAccuracy": 0.48863328822733426
    },
    "per_horizon": {
      "mae": [
        0.004341123625636101,
        0.0022605201229453087,
        0.0015925080515444279,
        0.005747959017753601,
        0.002283161971718073,
        0.001831742818467319,
        0.0020455410704016685,
        0.0027922261506319046,
        0.005134720355272293,
        0.0024403289426118135
      ],
      "rmse": [
        0.0045012906193733215,
        0.0027453491929918528,
        0.002335081808269024,
        0.006059641018509865,
        0.002989256288856268,
        0.0029049597214907408,
        0.003146818373352289,
        0.00400659441947937,
        0.0061129978857934475,
        0.003778332145884633
      ],
      "directional_accuracy": [
        0.5142083897158322,
        0.4993234100135318,
        0.4979702300405954,
        0.5006765899864682,
        0.503382949932341,
        0.5020297699594046,
        0.4330175913396482,
        0.48308525033829497,
        0.4817320703653586,
        0.4722598105548038
      ],
      "classifier_directional_accuracy": [
        0.476319350473613,
        0.4993234100135318,
        0.4979702300405954,
        0.4925575101488498,
        0.503382949932341,
        0.4790257104194858,
        0.5060893098782138,
        0.48308525033829497,
        0.4817320703653586,
        0.4668470906630582
      ]
    },
    "regime_segmented": {
      "stable": {
        "n_samples": 517,
        "mae": 0.0030930587090551853,
        "rmse": 0.004196543246507645,
        "directional_accuracy": 0.4808510638297872,
        "classifier_directional_accuracy": 0.47891682785299805
      },
      "high_volatility": {
        "n_samples": 222,
        "mae": 0.0029396808240562677,
        "rmse": 0.0037275066133588552,
        "directional_accuracy": 0.5072072072072072,
        "classifier_directional_accuracy": 0.5112612612612613
      }
    }
  },
  "ARIMA": {
    "model": "ARIMA",
    "overall": {
      "MAE": 0.001507045584730804,
      "RMSE": 0.002477341564372182,
      "MAPE": 143.8297882080078,
      "R2": -0.08586442470550537,
      "DirectionalAccuracy": 0.5275,
      "DirAcc@20pctCoverage": 0.4625,
      "DirAcc@10pctCoverage": 0.35
    },
    "per_horizon": {
      "mae": [
        0.0006395663949660957,
        0.0008941137348301709,
        0.0011350404238328338,
        0.0010672931093722582,
        0.0019044659566134214,
        0.00187013135291636,
        0.0016719292616471648,
        0.001738978549838066,
        0.0020276729483157396,
        0.002121265744790435
      ],
      "rmse": [
        0.0007971359882503748,
        0.0011760109337046742,
        0.0015443944139406085,
        0.001443073502741754,
        0.0029877754859626293,
        0.003190349554643035,
        0.003056279383599758,
        0.002912372350692749,
        0.002969195833429694,
        0.003023599972948432
      ],