{
  "Hybrid_CNN_LSTM_Transformer": {
    "MAE": {
      "mean": 0.02300385758280754,
      "std": 0.0002695363555442472,
      "values": [
        0.023369764909148216,
        0.022913416847586632,
        0.022728390991687775
      ]
    },
    "RMSE": {
      "mean": 0.031752786288658776,
      "std": 0.00029518668998324867,
      "values": [
        0.032151829451322556,
        0.031659454107284546,
        0.03144707530736923
      ]
    },
    "DirectionalAccuracy": {
      "mean": 0.5001386001386001,
      "std": 0.003850677541734743,
      "values": [
        0.4951143451143451,
        0.5008316008316008,
        0.5044698544698545
      ]
    }
  },
  "ARIMA": {
    "MAE": {
      "mean": 0.019893616437911987,
      "std": 0.0,
      "values": [
        0.019893616437911987,
        0.019893616437911987,
        0.019893616437911987
      ]
    },
    "RMSE": {
      "mean": 0.027783773839473724,
      "std": 0.0,
      "values": [
        0.027783773839473724,
        0.027783773839473724,
        0.027783773839473724
      ]
    },
    "DirectionalAccuracy": {
      "mean": 0.48523908523908527,
      "std": 0.0,
      "values": [
        0.48523908523908527,
        0.48523908523908527,
        0.48523908523908527
      ]
    }
  },
  "GARCH": {
    "MAE": {
      "mean": 0.019628064706921577,
      "std": 0.0,
      "values": [
        0.019628064706921577,
        0.019628064706921577,
        0.019628064706921577
      ]
    },
    "RMSE": {
      "mean": 0.027460910379886627,
      "std": 0.0,
      "values": [
        0.027460910379886627,
        0.027460910379886627,
        0.027460910379886627
      ]
    },
    "DirectionalAccuracy": {
      "mean": 0.5756756756756757,
      "std": 0.0,
      "values": [
        0.5756756756756757,
        0.5756756756756757,
        0.5756756756756757
      ]
    }
  }
}