{
  "Hybrid_CNN_LSTM_Transformer": {
    "MAE": {
      "mean": 0.02000005419055621,
      "std": 2.0459057605686966e-05,
      "values": [
        0.020022960379719734,
        0.01997329294681549,
        0.0200039092451334
      ]
    },
    "RMSE": {
      "mean": 0.028289251029491425,
      "std": 2.145325990208592e-05,
      "values": [
        0.02830679528415203,
        0.028259042650461197,
        0.028301915153861046
      ]
    },
    "DirectionalAccuracy": {
      "mean": 0.5605745932848737,
      "std": 0.0020141691278610253,
      "values": [
        0.5617860851505712,
        0.5622014537902389,
        0.557736240913811
      ]
    }
  },
  "ARIMA": {
    "MAE": {
      "mean": 0.019892649725079536,
      "std": 0.0,
      "values": [
        0.019892649725079536,
        0.019892649725079536,
        0.019892649725079536
      ]
    },
    "RMSE": {
      "mean": 0.02777933143079281,
      "std": 0.0,
      "values": [
        0.02777933143079281,
        0.02777933143079281,
        0.02777933143079281
      ]
    },
    "DirectionalAccuracy": {
      "mean": 0.48650051921079956,
      "std": 0.0,
      "values": [
        0.48650051921079956,
        0.48650051921079956,
        0.48650051921079956
      ]
    }
  },
  "GARCH": {
    "MAE": {
      "mean": 0.019625822082161903,
      "std": 0.0,
      "values": [
        0.019625822082161903,
        0.019625822082161903,
        0.019625822082161903
      ]
    },
    "RMSE": {
      "mean": 0.027455314993858337,
      "std": 0.0,
      "values": [
        0.027455314993858337,
        0.027455314993858337,
        0.027455314993858337
      ]
    },
    "DirectionalAccuracy": {
      "mean": 0.5768431983385255,
      "std": 0.0,
      "values": [
        0.5768431983385255,
        0.5768431983385255,
        0.5768431983385255
      ]
    }
  }
}