{
  "Hybrid_CNN_LSTM_Transformer": {
    "MAE": {
      "mean": 0.022358161707719166,
      "std": 5.681527092908814e-05,
      "values": [
        0.022360175848007202,
        0.02228759229183197,
        0.02242671698331833
      ]
    },
    "RMSE": {
      "mean": 0.030740387737751007,
      "std": 9.366024709872151e-05,
      "values": [
        0.030729737132787704,
        0.030631374567747116,
        0.0308600515127182
      ]
    },
    "DirectionalAccuracy": {
      "mean": 0.5295218295218295,
      "std": 0.0031438104566081184,
      "values": [
        0.530977130977131,
        0.5251559251559251,
        0.5324324324324324
      ]
    }
  },
  "ARIMA": {
    "MAE": {
      "mean": 0.019893616437911987,
      "std": 0.0,
      "values": [
        0.019893616437911987,
        0.019893616437911987,
        0.019893616437911987
      ]
    },
    "RMSE": {
      "mean": 0.027783773839473724,
      "std": 0.0,
      "values": [
        0.027783773839473724,
        0.027783773839473724,
        0.027783773839473724
      ]
    },
    "DirectionalAccuracy": {
      "mean": 0.48523908523908527,
      "std": 0.0,
      "values": [
        0.48523908523908527,
        0.48523908523908527,
        0.48523908523908527
      ]
    }
  },
  "GARCH": {
    "MAE": {
      "mean": 0.019628064706921577,
      "std": 0.0,
      "values": [
        0.019628064706921577,
        0.019628064706921577,
        0.019628064706921577
      ]
    },
    "RMSE": {
      "mean": 0.027460910379886627,
      "std": 0.0,
      "values": [
        0.027460910379886627,
        0.027460910379886627,
        0.027460910379886627
      ]
    },
    "DirectionalAccuracy": {
      "mean": 0.5756756756756757,
      "std": 0.0,
      "values": [
        0.5756756756756757,
        0.5756756756756757,
        0.5756756756756757
      ]
    }
  }
}