{
  "Hybrid_CNN_LSTM_Transformer": {
    "MAE": {
      "mean": 0.020698924859364826,
      "std": 1.8498743140860855e-05,
      "values": [
        0.02071840688586235,
        0.02067406289279461,
        0.020704304799437523
      ]
    },
    "RMSE": {
      "mean": 0.029331437001625698,
      "std": 2.1994642376831713e-05,
      "values": [
        0.029350508004426956,
        0.029300620779395103,
        0.02934318222105503
      ]
    },
    "DirectionalAccuracy": {
      "mean": 0.5485635167878158,
      "std": 0.0013253160068589175,
      "values": [
        0.5488058151609554,
        0.5500519210799585,
        0.5468328141225337
      ]
    }
  },
  "ARIMA": {
    "MAE": {
      "mean": 0.019892649725079536,
      "std": 0.0,
      "values": [
        0.019892649725079536,
        0.019892649725079536,
        0.019892649725079536
      ]
    },
    "RMSE": {
      "mean": 0.02777933143079281,
      "std": 0.0,
      "values": [
        0.02777933143079281,
        0.02777933143079281,
        0.02777933143079281
      ]
    },
    "DirectionalAccuracy": {
      "mean": 0.48650051921079956,
      "std": 0.0,
      "values": [
        0.48650051921079956,
        0.48650051921079956,
        0.48650051921079956
      ]
    }
  },
  "GARCH": {
    "MAE": {
      "mean": 0.019625822082161903,
      "std": 0.0,
      "values": [
        0.019625822082161903,
        0.019625822082161903,
        0.019625822082161903
      ]
    },
    "RMSE": {
      "mean": 0.027455314993858337,
      "std": 0.0,
      "values": [
        0.027455314993858337,
        0.027455314993858337,
        0.027455314993858337
      ]
    },
    "DirectionalAccuracy": {
      "mean": 0.5768431983385255,
      "std": 0.0,
      "values": [
        0.5768431983385255,
        0.5768431983385255,
        0.5768431983385255
      ]
    }
  }
}