{
  "Hybrid_CNN_LSTM_Transformer": {
    "MAE": {
      "mean": 0.020810680463910103,
      "std": 2.3043789423331313e-05,
      "values": [
        0.020843269303441048,
        0.02079438604414463,
        0.02079438604414463
      ]
    },
    "RMSE": {
      "mean": 0.02872662680844466,
      "std": 4.3420034559660615e-05,
      "values": [
        0.02878803201019764,
        0.02869592420756817,
        0.02869592420756817
      ]
    },
    "DirectionalAccuracy": {
      "mean": 0.5262993762993763,
      "std": 0.000588030587265294,
      "values": [
        0.5271309771309771,
        0.5258835758835759,
        0.5258835758835759
      ]
    }
  },
  "Vanilla_LSTM": {
    "MAE": {
      "mean": 0.021721575409173965,
      "std": 0.0,
      "values": [
        0.021721575409173965,
        0.021721575409173965,
        0.021721575409173965
      ]
    },
    "RMSE": {
      "mean": 0.030977196991443634,
      "std": 0.0,
      "values": [
        0.030977196991443634,
        0.030977196991443634,
        0.030977196991443634
      ]
    },
    "DirectionalAccuracy": {
      "mean": 0.5155925155925156,
      "std": 0.0,
      "values": [
        0.5155925155925156,
        0.5155925155925156,
        0.5155925155925156
      ]
    }
  },
  "Simplified_TFT": {
    "MAE": {
      "mean": 0.020492296665906906,
      "std": 0.0,
      "values": [
        0.020492296665906906,
        0.020492296665906906,
        0.020492296665906906
      ]
    },
    "RMSE": {
      "mean": 0.028157329186797142,
      "std": 0.0,
      "values": [
        0.028157329186797142,
        0.028157329186797142,
        0.028157329186797142
      ]
    },
    "DirectionalAccuracy": {
      "mean": 0.5691268191268192,
      "std": 0.0,
      "values": [
        0.5691268191268192,
        0.5691268191268192,
        0.5691268191268192
      ]
    }
  },
  "ARIMA": {
    "MAE": {
      "mean": 0.017030423507094383,
      "std": 0.0,
      "values": [
        0.017030423507094383,
        0.017030423507094383,
        0.017030423507094383
      ]
    },
    "RMSE": {
      "mean": 0.02469632588326931,
      "std": 0.0,
      "values": [
        0.02469632588326931,
        0.02469632588326931,
        0.02469632588326931
      ]
    },
    "DirectionalAccuracy": {
      "mean": 0.5175,
      "std": 0.0,
      "values": [
        0.5175,
        0.5175,
        0.5175
      ]
    }
  },
  "Random_Walk_Drift": {
    "MAE": {
      "mean": 0.019595203921198845,
      "std": 0.0,
      "values": [
        0.019595203921198845,
        0.019595203921198845,
        0.019595203921198845
      ]
    },
    "RMSE": {
      "mean": 0.027421483770012856,
      "std": 0.0,
      "values": [
        0.027421483770012856,
        0.027421483770012856,
        0.027421483770012856
      ]
    },
    "DirectionalAccuracy": {
      "mean": 0.577027027027027,
      "std": 0.0,
      "values": [
        0.577027027027027,
        0.577027027027027,
        0.577027027027027
      ]
    }
  }
}