{
  "XGBoost_standalone": {
    "MAE": {
      "mean": 0.027354943255583446,
      "std": 0.004857118194139304,
      "values": [
        0.025774769484996796,
        0.03393421694636345,
        0.02235584333539009
      ]
    },
    "RMSE": {
      "mean": 0.03778269017736117,
      "std": 0.005155672358899953,
      "values": [
        0.036634013056755066,
        0.04459255933761597,
        0.03212149813771248
      ]
    },
    "DirectionalAccuracy": {
      "mean": 0.5868131868131868,
      "std": 0.03870605165825651,
      "values": [
        0.6335164835164835,
        0.5881868131868132,
        0.5387362637362637
      ]
    }
  },
  "Hybrid_CNN_LSTM_Transformer": {
    "MAE": {
      "mean": 0.027337440599997837,
      "std": 0.00490465459263376,
      "values": [
        0.025803769007325172,
        0.03396254777908325,
        0.02224600501358509
      ]
    },
    "RMSE": {
      "mean": 0.03746911635001501,
      "std": 0.005344227678986141,
      "values": [
        0.035763707011938095,
        0.0446983277797699,
        0.03194531425833702
      ]
    },
    "DirectionalAccuracy": {
      "mean": 0.5858974358974359,
      "std": 0.048890980006972784,
      "values": [
        0.6434065934065935,
        0.5903846153846154,
        0.5239010989010989
      ]
    }
  },
  "Vanilla_LSTM": {
    "MAE": {
      "mean": 0.02811160000662009,
      "std": 0.006648670265998264,
      "values": [
        0.027104895561933517,
        0.03671107068657875,
        0.020518833771348
      ]
    },
    "RMSE": {
      "mean": 0.0385253361115853,
      "std": 0.007424954451397686,
      "values": [
        0.03682180121541023,
        0.04835030809044838,
        0.030403899028897285
      ]
    },
    "DirectionalAccuracy": {
      "mean": 0.5494505494505494,
      "std": 0.03224093549117414,
      "values": [
        0.5928571428571429,
        0.5156593406593407,
        0.5398351648351648
      ]
    }
  },
  "Simplified_TFT": {
    "MAE": {
      "mean": 0.03219092823565006,
      "std": 0.007411041274428724,
      "values": [
        0.03220384195446968,
        0.04126109927892685,
        0.023107843473553658
      ]
    },
    "RMSE": {
      "mean": 0.04329576094945272,
      "std": 0.009856589270672322,
      "values": [
        0.04177763685584068,
        0.056054823100566864,
        0.03205482289195061
      ]
    },
    "DirectionalAccuracy": {
      "mean": 0.5158424908424909,
      "std": 0.029275398100999606,
      "values": [
        0.5497252747252748,
        0.4782967032967033,
        0.5195054945054945
      ]
    }
  },
  "ARIMA": {
    "MAE": {
      "mean": 0.0270782932639122,
      "std": 0.007048366157983089,
      "values": [
        0.02807910181581974,
        0.03516671806573868,
        0.017989059910178185
      ]
    },
    "RMSE": {
      "mean": 0.03779011406004429,
      "std": 0.00798528994996871,
      "values": [
        0.04153084754943848,
        0.04514755681157112,
        0.026691937819123268
      ]
    },
    "DirectionalAccuracy": {
      "mean": 0.5299999999999999,
      "std": 0.043011626335213125,
      "values": [
        0.475,
        0.58,
        0.535
      ]
    }
  },
  "Random_Walk_Drift": {
    "MAE": {
      "mean": 0.027865275740623474,
      "std": 0.006362569017550883,
      "values": [
        0.027526406571269035,
        0.03582170605659485,
        0.02024771459400654
      ]
    },
    "RMSE": {
      "mean": 0.03888274046281973,
      "std": 0.007212216993947401,
      "values": [
        0.03910917788743973,
        0.04760047048330307,
        0.029938573017716408
      ]
    },
    "DirectionalAccuracy": {
      "mean": 0.5116300366300366,
      "std": 0.025748401546716454,
      "values": [
        0.5461538461538461,
        0.5043956043956044,
        0.48434065934065934
      ]
    }
  }
}