{
  "Hybrid_CNN_LSTM_Transformer": {
    "MAE": {
      "mean": 0.0015302688504258792,
      "std": 0.00018856823203669567,
      "values": [
        0.0016320026479661465,
        0.001692884135991335,
        0.001265919767320156
      ]
    },
    "RMSE": {
      "mean": 0.002109859138727188,
      "std": 0.00032634501789662414,
      "values": [
        0.0023316217120736837,
        0.0023495026398450136,
        0.001648453064262867
      ]
    },
    "DirectionalAccuracy": {
      "mean": 0.560431654676259,
      "std": 0.01472039256903866,
      "values": [
        0.5589928057553957,
        0.579136690647482,
        0.5431654676258992
      ]
    }
  },
  "Vanilla_LSTM": {
    "MAE": {
      "mean": 0.0027877661244322858,
      "std": 0.0007291364377003134,
      "values": [
        0.002486556302756071,
        0.002084313426166773,
        0.003792428644374013
      ]
    },
    "RMSE": {
      "mean": 0.0036727342133720717,
      "std": 0.0009579684258582084,
      "values": [
        0.0032345035579055548,
        0.0027816600631922483,
        0.005002039019018412
      ]
    },
    "DirectionalAccuracy": {
      "mean": 0.5148681055155876,
      "std": 0.022691985116899023,
      "values": [
        0.48848920863309353,
        0.543884892086331,
        0.5122302158273381
      ]
    }
  },
  "Simplified_TFT": {
    "MAE": {
      "mean": 0.013218573915461699,
      "std": 0.0017653494939271857,
      "values": [
        0.014961005188524723,
        0.010798927396535873,
        0.013895789161324501
      ]
    },
    "RMSE": {
      "mean": 0.015467352233827114,
      "std": 0.0024894237326992872,
      "values": [
        0.018229158595204353,
        0.012195638380944729,
        0.01597725972533226
      ]
    },
    "DirectionalAccuracy": {
      "mean": 0.48033573141486813,
      "std": 0.022424306431771616,
      "values": [
        0.5115107913669065,
        0.4697841726618705,
        0.45971223021582736
      ]
    }
  },
  "ARIMA": {
    "MAE": {
      "mean": 0.0012607420794665813,
      "std": 0.0,
      "values": [
        0.0012607420794665813,
        0.0012607420794665813,
        0.0012607420794665813
      ]
    },
    "RMSE": {
      "mean": 0.0016263368306681514,
      "std": 0.0,
      "values": [
        0.0016263368306681514,
        0.0016263368306681514,
        0.0016263368306681514
      ]
    },
    "DirectionalAccuracy": {
      "mean": 0.53,
      "std": 0.0,
      "values": [
        0.53,
        0.53,
        0.53
      ]
    }
  },
  "Random_Walk_Drift": {
    "MAE": {
      "mean": 0.0012407955946400762,
      "std": 0.0,
      "values": [
        0.0012407955946400762,
        0.0012407955946400762,
        0.0012407955946400762
      ]
    },
    "RMSE": {
      "mean": 0.0016232712659984827,
      "std": 0.0,
      "values": [
        0.0016232712659984827,
        0.0016232712659984827,
        0.0016232712659984827
      ]
    },
    "DirectionalAccuracy": {
      "mean": 0.5503597122302158,
      "std": 0.0,
      "values": [
        0.5503597122302158,
        0.5503597122302158,
        0.5503597122302158
      ]
    }
  }
}