{
  "Hybrid_CNN_LSTM_Transformer": {
    "MAE": {
      "mean": 0.002003291311363379,
      "std": 2.4503490511335914e-05,
      "values": [
        0.0020332697313278913,
        0.0020033554174005985,
        0.0019732487853616476
      ]
    },
    "RMSE": {
      "mean": 0.0031161452643573284,
      "std": 8.717635390506403e-05,
      "values": [
        0.00321556581184268,
        0.003003298304975033,
        0.0031295716762542725
      ]
    },
    "DirectionalAccuracy": {
      "mean": 0.5069463238610735,
      "std": 0.015260500101968801,
      "values": [
        0.5121786197564276,
        0.5224627875507443,
        0.4861975642760487
      ]
    }
  },
  "Vanilla_LSTM": {
    "MAE": {
      "mean": 0.002228567531953255,
      "std": 0.00034586282739908425,
      "values": [
        0.001993893412873149,
        0.0019742492586374283,
        0.002717559924349189
      ]
    },
    "RMSE": {
      "mean": 0.003359722594420115,
      "std": 0.00037455364686701635,
      "values": [
        0.003140779910609126,
        0.003051481442525983,
        0.0038869064301252365
      ]
    },
    "DirectionalAccuracy": {
      "mean": 0.4959855660802887,
      "std": 0.008604730421044966,
      "values": [
        0.5079837618403248,
        0.48822733423545334,
        0.49174560216508795
      ]
    }
  },
  "Simplified_TFT": {
    "MAE": {
      "mean": 0.003996554374073942,
      "std": 0.0017291245150673922,
      "values": [
        0.006422888953238726,
        0.0025197912473231554,
        0.0030469829216599464
      ]
    },
    "RMSE": {
      "mean": 0.005210907120878498,
      "std": 0.0018818356362822629,
      "values": [
        0.007864351384341717,
        0.0037070319522172213,
        0.004061338026076555
      ]
    },
    "DirectionalAccuracy": {
      "mean": 0.49815065403698694,
      "std": 0.009071577872784174,
      "values": [
        0.4952638700947226,
        0.5104194857916103,
        0.48876860622462787
      ]
    }
  },
  "ARIMA": {
    "MAE": {
      "mean": 0.001507045584730804,
      "std": 0.0,
      "values": [
        0.001507045584730804,
        0.001507045584730804,
        0.001507045584730804
      ]
    },
    "RMSE": {
      "mean": 0.002477341564372182,
      "std": 0.0,
      "values": [
        0.002477341564372182,
        0.002477341564372182,
        0.002477341564372182
      ]
    },
    "DirectionalAccuracy": {
      "mean": 0.5275,
      "std": 0.0,
      "values": [
        0.5275,
        0.5275,
        0.5275
      ]
    }
  },
  "Random_Walk_Drift": {
    "MAE": {
      "mean": 0.0016132977325469255,
      "std": 0.0,
      "values": [
        0.0016132977325469255,
        0.0016132977325469255,
        0.0016132977325469255
      ]
    },
    "RMSE": {
      "mean": 0.0026942749973386526,
      "std": 0.0,
      "values": [
        0.0026942749973386526,
        0.0026942749973386526,
        0.0026942749973386526
      ]
    },
    "DirectionalAccuracy": {
      "mean": 0.48998646820027064,
      "std": 0.0,
      "values": [
        0.48998646820027064,
        0.48998646820027064,
        0.48998646820027064
      ]
    }
  }
}