{
  "pair": "XAU/USD",
  "slug": "XAUUSD",
  "calib_n": 3102,
  "test_n": 9297,
  "levels": {
    "0.80": {
      "target": 0.8,
      "gaussian_coverage": 0.6331827471227278,
      "conformal_coverage": 0.6190921802732064,
      "gaussian_width": 0.009131474615743842,
      "conformal_width": 0.009140488877892494,
      "gaussian_cov_error_pp": -16.68,
      "conformal_cov_error_pp": -18.09,
      "per_horizon_conformal_coverage": [
        0.6347208777024846,
        0.6233193503280628,
        0.6233193503280628,
        0.6245025276971066,
        0.5996558029471872,
        0.6162202861138002,
        0.6167580940088201,
        0.6054641282134021,
        0.6212756803269872,
        0.6256857050661504
      ],
      "aci_coverage": 0.7993331182101752,
      "aci_median_width": 0.012039784342050552,
      "aci_infinite_frac": 0.022394320748628592
    },
    "0.90": {
      "target": 0.9,
      "gaussian_coverage": 0.7287081854361621,
      "conformal_coverage": 0.7581585457674519,
      "gaussian_width": 0.011720120785571962,
      "conformal_width": 0.013042545691132546,
      "gaussian_cov_error_pp": -17.13,
      "conformal_cov_error_pp": -14.18,
      "per_horizon_conformal_coverage": [
        0.786812950414112,
        0.7704635904055072,
        0.7597074325051092,
        0.7523932451328386,
        0.7397009788103689,
        0.7511025061847908,
        0.7534688609228783,
        0.7543293535549102,
        0.7485210282886953,
        0.7650855114553081
      ],
      "aci_coverage": 0.8996773152629881,
      "aci_median_width": 0.015584168955683708,
      "aci_infinite_frac": 0.05225341508013337
    },
    "0.95": {
      "target": 0.95,
      "gaussian_coverage": 0.7896740884156179,
      "conformal_coverage": 0.8451651070237711,
      "gaussian_width": 0.013965385282795159,
      "conformal_width": 0.016973086167126894,
      "gaussian_cov_error_pp": -16.03,
      "conformal_cov_error_pp": -10.48,
      "per_horizon_conformal_coverage": [
        0.8791007851995267,
        0.8606001936108422,
        0.8427449714961815,
        0.8415617941271378,
        0.8375820157039905,
        0.8410239862321179,
        0.8356459072819189,
        0.8350005378078951,
        0.8423147251801656,
        0.8360761535979349
      ],
      "aci_coverage": 0.9498655480262451,
      "aci_median_width": 0.018650012090802193,
      "aci_infinite_frac": 0.10808863074109927
    }
  }
}