{
  "pair": "XAU/USD",
  "slug": "XAUUSD",
  "seed": 9,
  "target": "magnitude",
  "interval": "1h",
  "configs": {
    "all": {
      "model_spearman": 0.32872567445085776,
      "model_large_move_acc": 0.5519678190911068,
      "atr_pct_spearman": 0.30858720811341706,
      "atr_pct_large_move_acc": 0.5405522939769515,
      "garch_sigma_spearman": 0.30426126384010965,
      "garch_sigma_large_move_acc": 0.5446836268754077
    },
    "tech": {
      "model_spearman": 0.3214245918766533,
      "model_large_move_acc": 0.5538160469667319,
      "atr_pct_spearman": 0.30858720811341706,
      "atr_pct_large_move_acc": 0.5405522939769515,
      "garch_sigma_spearman": 0.30426126384010965,
      "garch_sigma_large_move_acc": 0.5446836268754077
    },
    "tech_macro": {
      "model_spearman": 0.32024953015319635,
      "model_large_move_acc": 0.5525114155251142,
      "atr_pct_spearman": 0.30858720811341706,
      "atr_pct_large_move_acc": 0.5405522939769515,
      "garch_sigma_spearman": 0.30426126384010965,
      "garch_sigma_large_move_acc": 0.5446836268754077
    },
    "tech_news": {
      "model_spearman": 0.32173472224216276,
      "model_large_move_acc": 0.5520765383779083,
      "atr_pct_spearman": 0.30858720811341706,
      "atr_pct_large_move_acc": 0.5405522939769515,
      "garch_sigma_spearman": 0.30426126384010965,
      "garch_sigma_large_move_acc": 0.5446836268754077
    }
  },
  "contributions_vs_tech": {
    "tech_macro": {
      "d_spearman": -0.0011750617234569383,
      "d_acc": -0.001304631441617743
    },
    "tech_news": {
      "d_spearman": 0.0003101303655094756,
      "d_acc": -0.0017395085888236572
    },
    "all": {
      "d_spearman": 0.007301082574204476,
      "d_acc": -0.001848227875625108
    }
  },
  "macro_adds": {
    "d_spearman": -0.0011750617234569383,
    "d_acc": -0.001304631441617743
  },
  "news_adds": {
    "d_spearman": 0.0003101303655094756,
    "d_acc": -0.0017395085888236572
  },
  "both_add": {
    "d_spearman": 0.007301082574204476,
    "d_acc": -0.001848227875625108
  }
}