{
  "checkpoint": "exports/dashboard/hybrid.pt",
  "note": "zero-shot: gold weights, no fine-tuning",
  "pairs": {
    "XAG/USD": {
      "bars": 6493,
      "test_windows": 963,
      "hybrid_zero_shot": {
        "diracc": 0.5167185877466252,
        "mae": 0.04333989694714546
      },
      "wf_expert_alone_diracc": 0.5131879543094496,
      "garch": {
        "diracc": 0.48909657320872274,
        "mae": 0.04106947955826978,
        "n": 963
      }
    },
    "EUR/USD": {
      "bars": 5869,
      "test_windows": 870,
      "hybrid_zero_shot": {
        "diracc": 0.4806896551724138,
        "mae": 0.009006034582853317
      },
      "wf_expert_alone_diracc": 0.575287356321839,
      "garch": {
        "diracc": 0.4827586206896552,
        "mae": 0.007235736137286142,
        "n": 870
      }
    }
  }
}